{
  "marketing_stripe": {
    "text": "Entregamos em todo o Brasil! Compre sem sair de casa!",
    "link": "/promotion",
    "background": "#050505",
    "color": "#ffffff"
  },
  "contacts_stripe": {
    "pages": [
      {
        "title": "Sobre nós",
        "link": "/pages/sobre-nos"
      },
      {
        "title": "Contato",
        "link": "/pages/contato"
      }
    ],
    "phone_wpp": true,
    "socials": true
  },
  "categories_list": {
    "featured": [],
    "random": 5,
    "full_width": true
  },
  "search_input": true
}