{
  "meta_title": "MavRoupas",
  "meta_description": "Mav Roupas profissionais e hospitalares",
  "sections": [
    {
      "type": "banner-slider",
      "autoplay": 6000,
      "slides": [
        {
          "start": "",
          "end": "",
          "img": "/img/uploads/hospitalar.jpg",
          "link": "/hospitalar",
          "mobile_img": "/img/uploads/hospitalarmobile.jpg"
        },
        {
          "start": "",
          "end": "",
          "img": "/img/uploads/banner2.jpg",
          "mobile_img": "/img/uploads/banner4.jpg",
          "link": "/hotelaria"
        },
        {
          "start": "",
          "end": "",
          "img": "/img/uploads/banner4.jpg",
          "link": "/profissional"
        },
        {
          "start": "",
          "end": "",
          "img": "/img/uploads/banner5.jpg",
          "link": "/hospitalar/fronha"
        }
      ]
    },
    {
      "type": "info-bar",
      "enabled": false
    },
    {
      "type": "collection-shelf",
      "shuffle": true,
      "collection_id": null,
      "limit": 14,
      "page": 1,
      "sort": "views",
      "title": ""
    },
    {
      "type": "page-title",
      "title": "Home",
      "description": "Roupas Profissionais e Hospitalares"
    }
  ]
}